,apply link,job_role,comapanyjob,company_name,status,location,experiment
0,https://www.naukri.com/job-listings-python-developer-rd-amp-amp-x-network-bangalore-bengaluru-1-to-3-years-151222502186,Python Developer,https://www.naukri.com/rdx-network-jobs-careers-123572055,RD&amp;amp;X Network,Not disclosed,Bangalore/Bengaluru,1-3 Yrs
1,https://www.naukri.com/job-listings-python-developer-futurehook-technologies-bangalore-bengaluru-1-to-3-years-270522502911,Python Developer,https://www.naukri.com/xtrematix-automation-jobs-careers-1990792,Xtrematix Automation,Not disclosed,Bangalore/Bengaluru,1-3 Yrs
2,https://www.naukri.com/job-listings-python-developer-mahiti-bengaluru-bangalore-1-to-3-years-260618500754,Python Developer,https://www.naukri.com/mahiti-infotech-jobs-careers-89917,Mahiti Infotech,Not disclosed,Bengaluru,1-3 Yrs
3,https://www.naukri.com/job-listings-python-developer-global-talent-pool-bangalore-bengaluru-1-to-4-years-160522501132,Python Developer,https://www.naukri.com/webjobs-global070120161511-naukri-jobs-careers-2357392,Global Talent Pool,Not disclosed,Bangalore/Bengaluru,1-4 Yrs
4,https://www.naukri.com/job-listings-python-developer-global-talent-pool-bangalore-bengaluru-1-to-3-years-141221500077,Python Developer,https://www.naukri.com/webjobs-global070120161511-naukri-jobs-careers-2357392,Global Talent Pool,Not disclosed,Bangalore/Bengaluru,1-3 Yrs
5,https://www.naukri.com/job-listings-python-developer-aptiv-technical-centre-bangalore-bengaluru-1-to-5-years-251122502214,Python Developer,https://www.naukri.com/aptiv-jobs-careers-21900,Aptiv,Not disclosed,Bangalore/Bengaluru,1-5 Yrs
6,https://www.naukri.com/job-listings-python-developer-day1-tech-bangalore-bengaluru-1-to-4-years-300622501634,Python Developer,https://www.naukri.com/day1-technologies-jobs-careers-3771988,Day1 Technologies,Not disclosed,Bangalore/Bengaluru,1-4 Yrs
7,https://www.naukri.com/job-listings-python-developer-mahiti-bengaluru-bangalore-1-to-3-years-260618500753,Python Developer,https://www.naukri.com/mahiti-infotech-jobs-careers-89917,Mahiti Infotech,Not disclosed,Bengaluru,1-3 Yrs
8,https://www.naukri.com/job-listings-senior-python-developer-wow-labz-bangalore-bengaluru-1-to-6-years-230822500793,Senior Python Developer,https://www.naukri.com/wow-labz-jobs-careers-2441684,Wow Labz,Not disclosed,Bangalore/Bengaluru,1-6 Yrs
9,https://www.naukri.com/job-listings-python-developer-t-a-solutions-bangalore-bengaluru-1-to-7-years-100622501952,Python Developer,https://www.naukri.com/t-a-solutions-jobs-careers-1863804,T & A Solutions,Not disclosed,Bangalore/Bengaluru,1-7 Yrs
10,https://www.naukri.com/job-listings-aws-python-developer-sahasya-global-solutions-bengaluru-bangalore-0-to-6-years-040321501032,AWS Python Developer,https://www.naukri.com/sahasya-global-solutions-jobs-careers-2563674,Sahasya Global Solutions,Not disclosed,Bengaluru,0-6 Yrs
11,https://www.naukri.com/job-listings-python-developer-evertz-microsystems-ltd-bangalore-bengaluru-1-to-4-years-030522500874,Python Developer,https://www.naukri.com/evertz-microsystems-jobs-careers-2608282,"Evertz Microsystems, Ltd",Not disclosed,Bangalore/Bengaluru,1-4 Yrs
12,https://www.naukri.com/job-listings-data-analytics-python-developer-dish-media-network-bangalore-bengaluru-1-to-1-years-231122504251,Data Analytics - Python Developer,https://www.naukri.com/dish-media-network-jobs-careers-5201314,Dish Media Network,Not disclosed,Bangalore/Bengaluru,1-1 Yrs
13,https://www.naukri.com/job-listings-python-django-developer-peerxp-technologies-bangalore-bengaluru-1-to-2-years-191022501258,Python Django Developer,https://www.naukri.com/peerxp-technologies-jobs-careers-4559400,Peerxp Technologies,Not disclosed,Bangalore/Bengaluru,1-2 Yrs
14,https://www.naukri.com/job-listings-python-developer-edu-angels-india-pvt-ltd-bangalore-bengaluru-1-to-5-years-290922001274,Python Developer,https://www.naukri.com/edu-angels-jobs-careers-3257954,EDU ANGELS INDIA PVT LTD  ,"25,00,000 - 40,00,000 PA.",Bangalore/Bengaluru,1-5 Yrs
15,https://www.naukri.com/job-listings-python-automation-developer-varite-bangalore-bengaluru-1-to-3-years-300822500721,Python Automation Developer,https://www.naukri.com/varite-jobs-careers-82233,Varite,Not disclosed,Bangalore/Bengaluru,1-3 Yrs
16,https://www.naukri.com/job-listings-senior-software-product-developer-python-django-squareroot-consulting-pvt-ltd-bangalore-bengaluru-1-to-6-years-301122911979,Senior/Software Product Developer - Python/Django,https://www.naukri.com/premium-jobs-careers-28629,Squareroot Consulting Pvt Ltd,Not disclosed,Bangalore/Bengaluru,1-6 Yrs
17,https://www.naukri.com/job-listings-java-or-python-developer-hrdevi-talent-acquisition-bengaluru-bangalore-1-to-3-years-140619501289,Java or Python Developer,https://www.naukri.com/hrdevi-talent-acquisition-jobs-careers-2520990,Hrdevi Talent Acquisition,Not disclosed,Bengaluru,1-3 Yrs
18,https://www.naukri.com/job-listings-php-android-ios-and-python-developer-seo-graphic-web-designer-creative-hands-hr-hyderabad-secunderabad-chennai-bangalore-bengaluru-0-to-4-years-261222001023,"PHP , Android ,ios,and Python Developer, Seo,graphic/web Designer",https://www.naukri.com/creative-hands-hr-jobs-careers-1270772,Creative Hands HR,"5,00,000 - 7,00,000 PA.","Bangalore/Bengaluru, Hyderabad/Secunderabad, Chennai",0-4 Yrs
19,https://www.naukri.com/job-listings-senior-software-engineer-rpa-gogalz-thane-pune-chennai-ahmedabad-bangalore-bengaluru-1-to-7-years-181122501648,Senior Software Engineer - RPA,https://www.naukri.com/gogalz-jobs-careers-123541761,Gogalz,Not disclosed,"Bangalore/Bengaluru, Thane, Pune, Chennai, Ahmedabad",1-7 Yrs
20,https://www.naukri.com/job-listings-sr-associate-software-engineer-sutherland-global-services-inc-bangalore-bengaluru-1-to-4-years-161122500871,Sr Associate Software Engineer,https://www.naukri.com/sutherland-jobs-careers-417215,Sutherland Global Services Inc,Not disclosed,Bangalore/Bengaluru,1-4 Yrs
21,https://www.naukri.com/job-listings-software-engineer-sr-software-engineer-cue-math-pvt-ltd-bangalore-bengaluru-1-to-3-years-261022500033,Software Engineer / Sr. Software Engineer,https://www.naukri.com/cue-math-jobs-careers-3113514,Cue-math Pvt.ltd,Not disclosed,Bangalore/Bengaluru,1-3 Yrs
22,https://www.naukri.com/job-listings-gnss-software-test-engineer-sr-engineer-qualcomm-technologies-inc-bangalore-bengaluru-1-to-5-years-071222502243,GNSS Software Test Engineer/Sr. Engineer,https://www.naukri.com/qualcomm-jobs-careers-31927,"Qualcomm Technologies, Inc",Not disclosed,Bangalore/Bengaluru,1-5 Yrs
23,https://www.naukri.com/job-listings-gnss-software-test-engineer-sr-engineer-qcom-bangalore-bengaluru-1-to-5-years-071222500473,GNSS Software Test Engineer/Sr. Engineer,https://www.naukri.com/qcom-jobs-careers-123503265,Qcom,Not disclosed,Bangalore/Bengaluru,1-5 Yrs
24,https://www.naukri.com/job-listings-senior-software-engineer-xoom-inc-bangalore-bengaluru-1-to-3-years-051222501102,Senior Software Engineer,https://www.naukri.com/xoom-jobs-careers-123483045,Xoom,Not disclosed,Bangalore/Bengaluru,1-3 Yrs
25,https://www.naukri.com/job-listings-backend-senior-software-engineer-bigbasket-com-bangalore-bengaluru-1-to-3-years-251122500075,Backend Senior Software Engineer,https://www.naukri.com/bigbasket-jobs-careers-1324522,Bigbasket,Not disclosed,Bangalore/Bengaluru,1-3 Yrs
26,https://www.naukri.com/job-listings-senior-software-engineer-talent-zone-consultant-bengaluru-bangalore-1-to-3-years-230120501259,Senior Software Engineer,https://www.naukri.com/talent-zone-consultant-jobs-careers-1108178,Talent Zone Consultant,Not disclosed,Bengaluru,1-3 Yrs
27,https://www.naukri.com/job-listings-senior-software-engineer-ferill-dynamics-bengaluru-bangalore-1-to-4-years-080819503397,Senior Software Engineer,https://www.naukri.com/ferill-dynamics-jobs-careers-4601298,Ferill Dynamics,Not disclosed,Bengaluru,1-4 Yrs
28,https://www.naukri.com/job-listings-software-development-engineer-achnet-inc-bangalore-bengaluru-1-to-4-years-300922501359,Software Development Engineer,https://www.naukri.com/achnet-jobs-careers-7038299,Achnet,Not disclosed,Bangalore/Bengaluru,1-4 Yrs
29,https://www.naukri.com/job-listings-software-engineer-node-js-biofourmis-india-private-limited-bangalore-bengaluru-1-to-6-years-290422501124,Software Engineer ( Node . Js ),https://www.naukri.com/biofourmis-jobs-careers-5618988,Biofourmis,Not disclosed,Bangalore/Bengaluru,1-6 Yrs
30,https://www.naukri.com/job-listings-software-engineer-novella-clinical-inc-kochi-cochin-bangalore-bengaluru-1-to-4-years-090922501281,Software Engineer,https://www.naukri.com/iqvia-biotech-jobs-careers-4139482,Iqvia Biotech,Not disclosed,"Bangalore/Bengaluru, Kochi/Cochin",1-4 Yrs
31,https://www.naukri.com/job-listings-software-engineer-engineering-productivity-google-cloud-google-asia-pacific-pte-ltd-bangalore-bengaluru-1-to-3-years-161222905051,"Software Engineer, Engineering Productivity, Google Cloud",https://www.naukri.com/google-asia-pacific-pte-jobs-careers-7076137,Google Asia Pacific Pte. Ltd,Not disclosed,Bangalore/Bengaluru,1-3 Yrs
32,https://www.naukri.com/job-listings-junior-software-developer-python-xmplar-management-solutions-private-limited-bangalore-bengaluru-1-to-6-years-010922500290,Junior Software Developer - Python,https://www.naukri.com/xmplar-management-solutions-jobs-careers-1884872,Xmplar Management Solutions,Not disclosed,Bangalore/Bengaluru,1-6 Yrs
33,https://www.naukri.com/job-listings-software-engineer-hashedin-technologies-bangalore-bengaluru-1-to-5-years-221222502074,Software Engineer,https://www.naukri.com/hashedin-jobs-careers-1862138,HashedIn,Not disclosed,Bangalore/Bengaluru,1-5 Yrs
34,https://www.naukri.com/job-listings-associate-software-engineer-i-bright-tree-technologies-bangalore-bengaluru-1-to-3-years-221222501254,Associate Software Engineer I,https://www.naukri.com/bright-tree-technologies-jobs-careers-123585945,Bright Tree Technologies,Not disclosed,Bangalore/Bengaluru,1-3 Yrs
35,https://www.naukri.com/job-listings-junior-software-engineer-backend-kwalee-india-bangalore-bengaluru-1-to-6-years-161221001766,Junior Software Engineer - Backend,https://www.naukri.com/kwalee-india-jobs-careers-6463008,Kwalee India,Not disclosed,Bangalore/Bengaluru,1-6 Yrs
36,https://www.naukri.com/job-listings-software-engineer-truelark-bangalore-bengaluru-1-to-3-years-260322500443,Software Engineer,https://www.naukri.com/truelark-jobs-careers-5160630,Truelark,Not disclosed,Bangalore/Bengaluru,1-3 Yrs
37,https://www.naukri.com/job-listings-software-engineer-ii-dealersocket-bangalore-bengaluru-1-to-4-years-250822500514,Software Engineer - II,https://www.naukri.com/dealersocket-jobs-careers-5202202,Dealersocket,Not disclosed,Bangalore/Bengaluru,1-4 Yrs
38,https://www.naukri.com/job-listings-software-engineer-php-reconnect-energy-bangalore-bengaluru-0-to-4-years-310522501385,Software Engineer (Php) ,https://www.naukri.com/reconnect-energy-solutions-jobs-careers-3595442,Reconnect Energy Solutions,Not disclosed,Bangalore/Bengaluru,0-4 Yrs
39,https://www.naukri.com/job-listings-full-stack-developer-attribution-pvt-ltd-bangalore-bengaluru-1-to-6-years-151222006423,Full Stack Developer,https://www.naukri.com/attribution-jobs-careers-123558119,Attribution PVT LTD.,"3,50,000 - 7,00,000 PA.",Permanent Remote,1-6 Yrs
40,https://www.naukri.com/job-listings-software-engineer-backend-wakefit-innovations-private-limited-bangalore-bengaluru-1-to-3-years-170921500688,Software Engineer - Backend,https://www.naukri.com/wakefit-innovations-jobs-careers-5243214,Wakefit Innovations,Not disclosed,Bangalore/Bengaluru,1-3 Yrs
41,https://www.naukri.com/job-listings-software-engineer-nextgrowth-labs-bangalore-bengaluru-0-to-5-years-300322500810,Software Engineer,https://www.naukri.com/nextgrowth-labs-jobs-careers-6797793,Nextgrowth Labs,Not disclosed,Bangalore/Bengaluru,0-5 Yrs
42,https://www.naukri.com/job-listings-sde-ii-bright-money-bangalore-bengaluru-1-to-3-years-090822500489,SDE-II,https://www.naukri.com/bright-capital-jobs-careers-5257552,Bright Capital,Not disclosed,Bangalore/Bengaluru,1-3 Yrs
43,https://www.naukri.com/job-listings-software-engineer-1-juniper-networks-india-pvt-ltd-bangalore-bengaluru-1-to-2-years-171222500439,Software Engineer 1,https://www.naukri.com/juniper-networks-jobs-careers-845030,Juniper Networks,Not disclosed,Bangalore/Bengaluru,1-2 Yrs
44,https://www.naukri.com/job-listings-it-software-engineer-palo-alto-networks-bangalore-bengaluru-1-to-4-years-121222500503,IT Software Engineer,https://www.naukri.com/palo-alto-networks-jobs-careers-1972814,Palo Alto Networks,Not disclosed,Bangalore/Bengaluru,1-4 Yrs
45,https://www.naukri.com/job-listings-oracle-adf-developer-oracle-aps-technical-consultant-imtac-india-private-limited-bengaluru-bangalore-1-to-5-years-281117500798,Oracle ADF developer & Oracle Aps Technical Consultant,https://www.naukri.com/imtac-india-jobs-careers-1509706,Imtac India Private Limited,Not disclosed,Bengaluru,1-5 Yrs
46,https://www.naukri.com/job-listings-full-stack-developer-wow-labz-bangalore-bengaluru-1-to-6-years-230822500775,Full Stack Developer,https://www.naukri.com/wow-labz-jobs-careers-2441684,Wow Labz,Not disclosed,Bangalore/Bengaluru,1-6 Yrs
47,https://www.naukri.com/job-listings-web-developer-talent-zone-consultant-bangalore-bengaluru-1-to-3-years-190822501065,web developer,https://www.naukri.com/talent-zone-consultant-jobs-careers-1108178,Talent Zone Consultant,Not disclosed,Bangalore/Bengaluru,1-3 Yrs
48,https://www.naukri.com/job-listings-front-end-developer-machstatz-bangalore-bengaluru-1-to-3-years-280222502177,Front End Developer,https://www.naukri.com/machstatz-jobs-careers-5941670,Machstatz,Not disclosed,Bangalore/Bengaluru,1-3 Yrs
49,https://www.naukri.com/job-listings-ios-developer-mantra-labs-pvt-ltd-bengaluru-bangalore-0-to-4-years-170518500130,iOS Developer,https://www.naukri.com/mantra-labs-jobs-careers-1442162,Mantra Labs,Not disclosed,Bengaluru,0-4 Yrs
50,https://www.naukri.com/job-listings-asst-full-stack-developer-nescode-technologies-private-limited-bengaluru-bangalore-1-to-4-years-010221501543,Asst. Full Stack Developer,https://www.naukri.com/nescode-technologies-jobs-careers-2259198,Nescode Technologies,Not disclosed,Bengaluru,1-4 Yrs
51,https://www.naukri.com/job-listings-software-engr-silver-spring-networks-bangalore-bengaluru-1-to-4-years-301122500462,Software Engr,https://www.naukri.com/itron-jobs-careers-1972070,Silver Spring Networks,Not disclosed,Bangalore/Bengaluru,1-4 Yrs
52,https://www.naukri.com/job-listings-software-engineer-itron-inc-bangalore-bengaluru-1-to-4-years-301122500198,Software Engineer,https://www.naukri.com/itron-jobs-careers-1972070,Itron,Not disclosed,Bangalore/Bengaluru,1-4 Yrs
53,https://www.naukri.com/job-listings-sde-ii-backend-supply-engineering-grofers-bangalore-bengaluru-1-to-3-years-290722500599,SDE II (Backend) | Supply Engineering,https://www.naukri.com/blinkit-jobs-careers-1390572,Blinkit,Not disclosed,Bangalore/Bengaluru,1-3 Yrs
54,https://www.naukri.com/job-listings-software-engineer-flashblade-pure-storage-bangalore-bengaluru-1-to-4-years-280922502433,"Software Engineer, FlashBlade",https://www.naukri.com/pure-storage-jobs-careers-5959152,Pure Storage,Not disclosed,Bangalore/Bengaluru,1-4 Yrs
55,https://www.naukri.com/job-listings-sde-cue-math-pvt-ltd-bangalore-bengaluru-1-to-3-years-261022500022,SDE,https://www.naukri.com/cue-math-jobs-careers-3113514,Cue-math Pvt.ltd,Not disclosed,Bangalore/Bengaluru,1-3 Yrs
56,https://www.naukri.com/job-listings-storage-system-software-engineer-samsung-india-electronics-pvt-ltd-bangalore-bengaluru-1-to-4-years-071122501645,Storage System Software Engineer,https://www.naukri.com/samsung-india-jobs-careers-21899,Samsung India,Not disclosed,Bangalore/Bengaluru,1-4 Yrs
57,https://www.naukri.com/job-listings-software-development-engineer-in-test-sdet-inflection-io-bangalore-bengaluru-1-to-4-years-011222500590,Software Development Engineer In Test (SDET),https://www.naukri.com/inflection-io-jobs-careers-6452472,Inflection.io,Not disclosed,Bangalore/Bengaluru,1-4 Yrs
58,https://www.naukri.com/job-listings-software-engineer-vrddhi-insurance-brokers-bangalore-bengaluru-1-to-3-years-011122500847,Software Engineer,https://www.naukri.com/vrddhi-insurance-brokers-jobs-careers-123528929,Vrddhi Insurance Brokers,Not disclosed,Bangalore/Bengaluru,1-3 Yrs
59,https://www.naukri.com/job-listings-sde-iii-backend-supply-engineering-grofers-bangalore-bengaluru-1-to-4-years-290722500614,SDE III (Backend) | Supply Engineering,https://www.naukri.com/blinkit-jobs-careers-1390572,Blinkit,Not disclosed,Bangalore/Bengaluru,1-4 Yrs
60,https://www.naukri.com/job-listings-software-development-engineer-in-test-trellix-bangalore-bengaluru-1-to-4-years-280522501008,Software Development Engineer in Test,https://www.naukri.com/musarubra-jobs-careers-6943346,Musarubra Software,Not disclosed,Bangalore/Bengaluru,1-4 Yrs
61,https://www.naukri.com/job-listings-software-engineer-python-coding-taurus-hard-soft-solutions-pvt-ltd-bengaluru-bangalore-1-to-5-years-261115500112,Software Engineer  (python coding) ,https://www.naukri.com/taurus-hard-soft-solutions-jobs-careers-1786690,Taurus Hard Soft Solutions,Not disclosed,Bangalore/Bengaluru,1-5 Yrs
62,https://www.naukri.com/job-listings-software-engineer-taurus-hard-soft-solutions-pvt-ltd-bengaluru-bangalore-1-to-5-years-261115500055,Software Engineer,https://www.naukri.com/taurus-hard-soft-solutions-jobs-careers-1786690,Taurus Hard Soft Solutions,Not disclosed,Bangalore/Bengaluru,1-5 Yrs
63,https://www.naukri.com/job-listings-hiring-software-engineer-taurus-hard-soft-solutions-pvt-ltd-bengaluru-bangalore-1-to-5-years-261115500042,HIRING SOFTWARE ENGINEER,https://www.naukri.com/taurus-hard-soft-solutions-jobs-careers-1786690,Taurus Hard Soft Solutions,Not disclosed,Bangalore/Bengaluru,1-5 Yrs
64,https://www.naukri.com/job-listings-trainee-software-engineer-apogaeis-technologies-bengaluru-bangalore-0-to-1-years-260619500926,Trainee Software Engineer,https://www.naukri.com/apogaeis-jobs-careers-4686474,Apogaeis,Not disclosed,Bengaluru,0-1 Yrs
65,https://www.naukri.com/job-listings-software-engineer-bigbasket-com-bangalore-bengaluru-1-to-5-years-251122500116,Software Engineer,https://www.naukri.com/bigbasket-jobs-careers-1324522,Bigbasket,Not disclosed,Bangalore/Bengaluru,1-5 Yrs
66,https://www.naukri.com/job-listings-engineer-software-qa-resideo-bangalore-bengaluru-1-to-6-years-250722500626,Engineer Software QA,https://www.naukri.com/resideo-jobs-careers-4571056,Resideo,Not disclosed,Bangalore/Bengaluru,1-6 Yrs
67,https://www.naukri.com/job-listings-staff-software-engineer-xoom-inc-bangalore-bengaluru-0-to-3-years-241122500597,Staff Software Engineer,https://www.naukri.com/xoom-jobs-careers-123483045,Xoom,Not disclosed,Bangalore/Bengaluru,0-3 Yrs
68,https://www.naukri.com/job-listings-sde-4-time-analytic-amp-shared-services-private-limited-bangalore-bengaluru-1-to-4-years-240622501707,SDE - 4,https://www.naukri.com/time-analytic-shared-services-jobs-careers-1687760,Time Analytic &amp; Shared Services Private Limited,Not disclosed,Bangalore/Bengaluru,1-4 Yrs
69,https://www.naukri.com/job-listings-sde-4-meredith-corporation-bangalore-bengaluru-1-to-3-years-240622500537,SDE - 4,https://www.naukri.com/dotdash-meredith-jobs-careers-4926590,Dotdash Meredith,Not disclosed,Bangalore/Bengaluru,1-3 Yrs
70,https://www.naukri.com/job-listings-software-development-engineer-java-hicx-solutions-bangalore-bengaluru-0-to-2-years-230821501117,Software Development Engineer: Java ,https://www.naukri.com/hicx-solutions-jobs-careers-6121864,Hicx Solutions,Not disclosed,Bangalore/Bengaluru,0-2 Yrs
71,https://www.naukri.com/job-listings-software-engineer-java-python-redbus-bangalore-bengaluru-1-to-3-years-221122502160,Software Engineer - Java/Python,https://www.naukri.com/redbus-jobs-careers-759341,Redbus,Not disclosed,Bangalore/Bengaluru,1-3 Yrs
72,https://www.naukri.com/job-listings-software-test-engineer-leadsquared-bangalore-bengaluru-1-to-3-years-221122500019,Software Test Engineer,https://www.naukri.com/leadsquared-jobs-careers-957424,LeadSquared,Not disclosed,Bangalore/Bengaluru,1-3 Yrs
73,https://www.naukri.com/job-listings-associate-software-engineer-lueurtech-software-solutions-bangalore-bengaluru-0-to-3-years-210922500751,Associate Software Engineer,https://www.naukri.com/lueurtech-solutions-jobs-careers-123487611,Lueurtech Software Solutions,Not disclosed,Bangalore/Bengaluru,0-3 Yrs
74,https://www.naukri.com/job-listings-software-engineer-data-pipeline-mediamath-bangalore-bengaluru-0-to-3-years-201022502995,Software Engineer - Data Pipeline,https://www.naukri.com/mediamath-jobs-careers-2788252,Mediamath,Not disclosed,Bangalore/Bengaluru,0-3 Yrs
75,https://www.naukri.com/job-listings-engineer-software-development-xperi-bangalore-bengaluru-1-to-4-years-190822501842,"Engineer, Software Development",https://www.naukri.com/tessera-jobs-careers-5615060,Tessera,Not disclosed,Bangalore/Bengaluru,1-4 Yrs
76,https://www.naukri.com/job-listings-ureturn-software-engineer-system-engineer-data-engineer-uber-bangalore-bengaluru-0-to-3-years-190522500563,uReturn -Software Engineer / System Engineer / Data Engineer,https://www.naukri.com/uber-jobs-careers-1724396,Uber,Not disclosed,Bangalore/Bengaluru,0-3 Yrs
77,https://www.naukri.com/job-listings-software-engineer-ii-uber-bangalore-bengaluru-1-to-4-years-181022500847,Software Engineer II,https://www.naukri.com/uber-jobs-careers-1724396,Uber,Not disclosed,Bangalore/Bengaluru,1-4 Yrs
78,https://www.naukri.com/job-listings-software-integration-engineer-2-visteon-automotive-india-private-limited-bangalore-bengaluru-1-to-6-years-180822501716,Software Integration Engineer 2,https://www.naukri.com/visteon-jobs-careers-143921,Visteon,Not disclosed,Bangalore/Bengaluru,1-6 Yrs
79,https://www.naukri.com/job-listings-software-engineer-ii-volterra-bangalore-bengaluru-1-to-4-years-180822500580,Software Engineer II,https://www.naukri.com/f5-jobs-careers-608735,F5,Not disclosed,Bangalore/Bengaluru,1-4 Yrs
80,https://www.naukri.com/job-listings-software-engineer-trane-technologies-bangalore-bengaluru-1-to-3-years-171122501007,Software Engineer,https://www.naukri.com/trane-technologies-jobs-careers-5599362,Trane Technologies,Not disclosed,Bangalore/Bengaluru,1-3 Yrs
81,https://www.naukri.com/job-listings-software-engineer-achnet-inc-bangalore-bengaluru-0-to-1-years-170822500060,Software Engineer,https://www.naukri.com/achnet-jobs-careers-7038299,Achnet,Not disclosed,Bangalore/Bengaluru,0-1 Yrs
82,https://www.naukri.com/job-listings-software-engineer-fresh-engineer-parallel-wireless-inc-bengaluru-bangalore-0-to-2-years-170321501273,Software Engineer (Fresh Engineer),https://www.naukri.com/parallel-wireless-jobs-careers-5647462,Parallel Wireless,Not disclosed,Bengaluru,0-2 Yrs
83,https://www.naukri.com/job-listings-software-engineer-physical-layer-development-parallelstack-sytems-bengaluru-bangalore-0-to-2-years-170321500253,Software Engineer - Physical Layer Development,https://www.naukri.com/parallelstack-sytems-jobs-careers-4182982,Parallelstack Sytems,Not disclosed,Bengaluru,0-2 Yrs
84,https://www.naukri.com/job-listings-software-engineer-java-c-c-aarav-solutionstm-ahmedabad-bengaluru-bangalore-1-to-3-years-160620500077,Software Engineer Java/C/C++,https://www.naukri.com/aarav-solutions-jobs-careers-1331838,Aarav Solutions,Not disclosed,"Bengaluru, Ahmedabad",1-3 Yrs
85,https://www.naukri.com/job-listings-software-engineer-pure-storage-bangalore-bengaluru-1-to-4-years-160522502236,Software Engineer,https://www.naukri.com/pure-storage-jobs-careers-5959152,Pure Storage,Not disclosed,Bangalore/Bengaluru,1-4 Yrs
86,https://www.naukri.com/job-listings-software-engineer-etl-elt-dwh-bi-data-practice-limendo-bangalore-bengaluru-1-to-4-years-121022500189,Software Engineer ETL/ELT/DWH/BI Data Practice,https://www.naukri.com/limendo-jobs-careers-123506259,Limendo,Not disclosed,Bangalore/Bengaluru,1-4 Yrs
87,https://www.naukri.com/job-listings-software-engineer-immunitoai-bangalore-bengaluru-1-to-3-years-110722500510,Software Engineer,https://www.naukri.com/immunitoai-jobs-careers-7043963,Immunitoai,Not disclosed,Bangalore/Bengaluru,1-3 Yrs
88,https://www.naukri.com/job-listings-software-engineer-immunitoai-bangalore-bengaluru-1-to-3-years-110722500037,Software Engineer,https://www.naukri.com/immunitoai-jobs-careers-7043963,Immunitoai,Not disclosed,Bangalore/Bengaluru,1-3 Yrs
89,https://www.naukri.com/job-listings-software-engineer-knowledge-lens-private-limited-bengaluru-bangalore-0-to-2-years-101220500327,Software Engineer,https://www.naukri.com/knowledge-lens-jobs-careers-2389134,Knowledge Lens,Not disclosed,Bengaluru,0-2 Yrs
90,https://www.naukri.com/job-listings-research-software-engineer-immunitoai-bangalore-bengaluru-0-to-5-years-101122501920,Research Software Engineer,https://www.naukri.com/immunitoai-jobs-careers-7043963,Immunitoai,Not disclosed,Bangalore/Bengaluru,0-5 Yrs
91,https://www.naukri.com/job-listings-software-engineer-1-tekwissen-software-pvt-ltd-bangalore-bengaluru-0-to-2-years-100822500104,Software Engineer 1,https://www.naukri.com/tekwissen-jobs-careers-1348740,Tekwissen Software Pvt.Ltd.,Not disclosed,Bangalore/Bengaluru,0-2 Yrs
92,https://www.naukri.com/job-listings-software-engineer-ii-f5-web-solutions-bangalore-bengaluru-1-to-4-years-090822500443,Software Engineer II,https://www.naukri.com/f5-web-solutions-jobs-careers-4938634,F5 Web Solutions,Not disclosed,Bangalore/Bengaluru,1-4 Yrs
93,https://www.naukri.com/job-listings-software-engineer-web-applications-beechi-vidya-kendra-trust-bangalore-bengaluru-1-to-4-years-080822500037,Software Engineer -Web Applications.,https://www.naukri.com/beechi-vidya-kendra-trust-jobs-careers-5619148,Beechi Vidya Kendra Trust,Not disclosed,Bangalore/Bengaluru,1-4 Yrs
94,https://www.naukri.com/job-listings-software-engineer-leadsquared-bangalore-bengaluru-1-to-4-years-070922500127,Software Engineer,https://www.naukri.com/leadsquared-jobs-careers-957424,LeadSquared,Not disclosed,Bangalore/Bengaluru,1-4 Yrs
95,https://www.naukri.com/job-listings-software-engr-ii-c-linux-honeywell-technology-solutions-lab-pvt-ltd-bangalore-bengaluru-1-to-4-years-051222906117,Software Engr II - C++ & Linux,https://www.naukri.com/honeywell-jobs-careers-1684738,Honeywell,"8,00,000 - 16,00,000 PA.",Bangalore/Bengaluru,1-4 Yrs
96,https://www.naukri.com/job-listings-software-engineer-2-juniper-networks-india-pvt-ltd-bangalore-bengaluru-1-to-6-years-031022501447,Software Engineer 2,https://www.naukri.com/juniper-networks-jobs-careers-845030,Juniper Networks,Not disclosed,Bangalore/Bengaluru,1-6 Yrs
97,https://www.naukri.com/job-listings-software-engineer-hybrid-good-business-lab-bangalore-bengaluru-1-to-3-years-020622500850,Software Engineer (Hybrid),https://www.naukri.com/good-business-lab-jobs-careers-5399720,Good Business Lab,Not disclosed,Bangalore/Bengaluru,1-3 Yrs
98,https://www.naukri.com/job-listings-ai-ml-software-engineer-parallelstack-sytems-bangalore-bengaluru-1-to-5-years-010921500853,AI & ML Software Engineer,https://www.naukri.com/parallelstack-sytems-jobs-careers-4182982,Parallelstack Sytems,Not disclosed,Bangalore/Bengaluru,1-5 Yrs
99,https://www.naukri.com/job-listings-software-engineer-betsol-bangalore-bengaluru-1-to-3-years-010621501111,Software Engineer,https://www.naukri.com/betsol-jobs-careers-114201,Betsol,Not disclosed,Bangalore/Bengaluru,1-3 Yrs
100,https://www.naukri.com/job-listings-staff-software-engineer-avionx-inc-bengaluru-bangalore-1-to-5-years-010219500005,Staff Software Engineer,https://www.naukri.com/avionx-jobs-careers-4633102,Avionx,Not disclosed,Bengaluru,1-5 Yrs
101,https://www.naukri.com/job-listings-data-scientist-puma-sports-india-private-limited-bangalore-bengaluru-1-to-2-years-281022502513,Data Scientist,https://www.naukri.com/puma-sports-india-jobs-careers-3620266,Puma Sports India,Not disclosed,Bangalore/Bengaluru,1-2 Yrs
102,https://www.naukri.com/job-listings-data-scientist-global-talent-pool-bangalore-bengaluru-0-to-2-years-310521500397,data scientist,https://www.naukri.com/webjobs-global070120161511-naukri-jobs-careers-2357392,Global Talent Pool,Not disclosed,Bangalore/Bengaluru,0-2 Yrs
103,https://www.naukri.com/job-listings-back-end-developer-rcpc-bangalore-bengaluru-1-to-3-years-151222913398,Back End Developer,https://www.naukri.com/premium-jobs-careers-28629,RCPC,Not disclosed,Bangalore/Bengaluru,1-3 Yrs
104,https://www.naukri.com/job-listings-software-engineer-developer-programmer-2022-graduate-can-also-appl-creative-hands-hr-hyderabad-secunderabad-chennai-bangalore-bengaluru-0-to-1-years-261222001008,"Software Engineer, developer / Programmer, 2022 graduate Can also appl",https://www.naukri.com/creative-hands-hr-jobs-careers-1270772,Creative Hands HR,"5,00,000 - 7,00,000 PA.","Temp. WFH - Bangalore/Bengaluru, Hyderabad/Secunderabad, Chennai",0-1 Yrs
105,https://www.naukri.com/job-listings-software-developer-ibm-bangalore-bengaluru-1-to-4-years-261222902942,Software Developer,https://www.naukri.com/ibm-jobs-careers-16987,IBM,Not disclosed,Bangalore/Bengaluru,1-4 Yrs
106,https://www.naukri.com/job-listings-software-engineer-javascript-developer-topgeek-pvt-ltd-bangalore-bengaluru-1-to-6-years-011222501479,Software Engineer -Javascript Developer,https://www.naukri.com/topgeek-jobs-careers-123486849,Topgeek,Not disclosed,Bangalore/Bengaluru,1-6 Yrs
107,https://www.naukri.com/job-listings-android-software-developer-stratbeans-consulting-pvt-ltd-gurgaon-gurugram-bangalore-bengaluru-1-to-2-years-200722500793,Android Software Developer,https://www.naukri.com/stratbeans-consulting-jobs-careers-1766160,Stratbeans Consulting,Not disclosed,"Bangalore/Bengaluru, Gurgaon/Gurugram",1-2 Yrs
108,https://www.naukri.com/job-listings-software-developer-qyk-bengaluru-bangalore-1-to-3-years-121218502075,Software Developer,https://www.naukri.com/qyk-jobs-careers-4366280,qyk,Not disclosed,Bengaluru,1-3 Yrs
109,https://www.naukri.com/job-listings-full-stack-developer-widasconcepts-gmbh-widasconcepts-india-pvt-ltd-bengaluru-bangalore-1-to-5-years-140519501445,Full Stack Developer - WidasConcepts GmbH,https://www.naukri.com/widasconcepts-jobs-careers-2788932,Widasconcepts,Not disclosed,Bengaluru,1-5 Yrs
110,https://www.naukri.com/job-listings-php-full-stack-developer-sutherland-global-services-inc-bangalore-bengaluru-1-to-5-years-071122502495,PHP Full Stack Developer,https://www.naukri.com/sutherland-jobs-careers-417215,Sutherland Global Services Inc,Not disclosed,Bangalore/Bengaluru,1-5 Yrs
111,https://www.naukri.com/job-listings-junior-java-developer-acme-hr-consulting-bangalore-bengaluru-1-to-3-years-301122503153,Junior Java Developer,https://www.naukri.com/acme-hr-consulting-jobs-careers-5534364,Acme Hr Consulting,Not disclosed,Bangalore/Bengaluru,1-3 Yrs
112,https://www.naukri.com/job-listings-java-developer-acme-hr-consulting-bangalore-bengaluru-1-to-6-years-301122503138,Java Developer,https://www.naukri.com/acme-hr-consulting-jobs-careers-5534364,Acme Hr Consulting,Not disclosed,Bangalore/Bengaluru,1-6 Yrs
113,https://www.naukri.com/job-listings-ios-developer-rolling-rock-software-private-limited-bangalore-bengaluru-1-to-3-years-291121501481,IOS Developer,https://www.naukri.com/rolling-rock-jobs-careers-3918618,Rolling Rock Software,Not disclosed,Bangalore/Bengaluru,1-3 Yrs
114,https://www.naukri.com/job-listings-lead-web-developer-st-johns-research-institute-bangalore-bengaluru-1-to-6-years-240522500037,Lead Web developer,https://www.naukri.com/st-johns-research-institute-sjri-jobs-careers-1887482,St. Johns Research Institute,Not disclosed,Bangalore/Bengaluru,1-6 Yrs
115,https://www.naukri.com/job-listings-web-developer-st-johns-research-institute-bangalore-bengaluru-0-to-3-years-181121500924,Web Developer,https://www.naukri.com/st-johns-research-institute-sjri-jobs-careers-1887482,St. Johns Research Institute,Not disclosed,Bangalore/Bengaluru,0-3 Yrs
116,https://www.naukri.com/job-listings-sr-salesforce-developer-openlogix-software-solutions-pvt-ltd-bangalore-bengaluru-1-to-6-years-030521500672,Sr Salesforce Developer,https://www.naukri.com/open-logix-jobs-careers-3505136,Open Logix,Not disclosed,Bangalore/Bengaluru,1-6 Yrs
117,https://www.naukri.com/job-listings-mobile-app-developer-orxa-energies-private-limited-bangalore-bengaluru-1-to-3-years-280122501418,Mobile App Developer,https://www.naukri.com/orxa-jobs-careers-5938790,Orxa,Not disclosed,Bangalore/Bengaluru,1-3 Yrs
118,https://www.naukri.com/job-listings-full-stack-developer-leuwint-technologies-bangalore-bengaluru-1-to-6-years-190521500246,Full Stack Developer,https://www.naukri.com/leuwint-technologies-jobs-careers-4541554,Leuwint Technologies,Not disclosed,Bangalore/Bengaluru,1-6 Yrs
119,https://www.naukri.com/job-listings-full-stack-developer-erbrains-it-solutions-pvt-ltd-bangalore-bengaluru-1-to-3-years-071022501675,Full Stack Developer,https://www.naukri.com/erbrains-it-solutions-jobs-careers-1069308,Erbrains It Solutions,Not disclosed,Bangalore/Bengaluru,1-3 Yrs
120,https://www.naukri.com/job-listings-native-ads-board-cb-full-stack-developer-native-ads-bangalore-bengaluru-1-to-5-years-020621500536,Native Ads Job Board - (CB) Full Stack Developer -,https://www.naukri.com/native-ads-jobs-careers-6121884,Native Ads,Not disclosed,Bangalore/Bengaluru,1-5 Yrs
121,https://www.naukri.com/job-listings-application-developer-1-varite-bangalore-bengaluru-0-to-5-years-300822501620,Application Developer - 1,https://www.naukri.com/varite-jobs-careers-82233,Varite,Not disclosed,Bangalore/Bengaluru,0-5 Yrs
122,https://www.naukri.com/job-listings-blockchain-developer-nu10-bangalore-bengaluru-1-to-6-years-030822502013,Blockchain Developer,https://www.naukri.com/nu10-technologies-jobs-careers-6124552,Nu10 Technologies,Not disclosed,Bangalore/Bengaluru,1-6 Yrs
123,https://www.naukri.com/job-listings-full-stack-developer-purplefront-technologies-bangalore-bengaluru-1-to-9-years-300922501644,Full Stack Developer,https://www.naukri.com/purplefront-technologies-jobs-careers-3832976,Purplefront Technologies,Not disclosed,Bangalore/Bengaluru,1-9 Yrs
124,https://www.naukri.com/job-listings-full-stack-developer-saara-bangalore-bengaluru-0-to-1-years-121122500733,Full Stack developer,https://www.naukri.com/saara-jobs-careers-7072855,Saara,Not disclosed,Bangalore/Bengaluru,0-1 Yrs
125,https://www.naukri.com/job-listings-backend-developer-embien-madurai-bangalore-bengaluru-1-to-5-years-041022500431,Backend Developer,https://www.naukri.com/embien-jobs-careers-3198744,Embien,Not disclosed,"Bangalore/Bengaluru, Madurai",1-5 Yrs
126,https://www.naukri.com/job-listings-java-backend-developer-bigbasket-com-bangalore-bengaluru-1-to-3-years-251122500091,Java Backend Developer,https://www.naukri.com/bigbasket-jobs-careers-1324522,Bigbasket,Not disclosed,Bangalore/Bengaluru,1-3 Yrs
127,https://www.naukri.com/job-listings-senior-developer-backend-sliteresume-bangalore-bengaluru-1-to-3-years-151222503509,Senior Developer Backend,https://www.naukri.com/sliteresume-jobs-careers-5431440,Sliteresume,Not disclosed,Bangalore/Bengaluru,1-3 Yrs
128,https://www.naukri.com/job-listings-senior-developer-backend-tracxn-technology-bangalore-bengaluru-1-to-3-years-151222503508,Senior Developer Backend,https://www.naukri.com/tracxn-20technology-jobs-careers-2524780,Tracxn Technology,Not disclosed,Bangalore/Bengaluru,1-3 Yrs
129,https://www.naukri.com/job-listings-system-c-developer-validator-skillety-bangalore-bengaluru-1-to-3-years-131222501266,System C Developer/Validator,https://www.naukri.com/skillety-jobs-careers-6409274,Skillety,Not disclosed,Bangalore/Bengaluru,1-3 Yrs
130,https://www.naukri.com/job-listings-backend-developer-fresher-netcore-cloud-mumbai-bangalore-netcore-cloud-navi-mumbai-bangalore-bengaluru-mumbai-all-areas-0-to-1-years-131222009173,Backend Developer (Fresher) | Netcore Cloud | Mumbai/Bangalore,https://www.naukri.com/netcore-cloud-jobs-careers-729382,Netcore Cloud,Not disclosed,"Hybrid - Bangalore/Bengaluru, Navi Mumbai, Mumbai (All Areas)",0-1 Yrs
131,https://www.naukri.com/job-listings-rpa-developer-corner-tree-consulting-p-ltd-bangalore-bengaluru-1-to-3-years-141222502179,RPA Developer,https://www.naukri.com/corner-tree-consulting-jobs-careers-4891958,Corner Tree Consulting (p) Ltd,Not disclosed,Bangalore/Bengaluru,1-3 Yrs
132,https://www.naukri.com/job-listings-elastic-search-developer-statvalu-bangalore-bengaluru-1-to-5-years-121222001118,Elastic Search Developer,https://www.naukri.com/statvalu-jobs-careers-5709118,Statvalu,Not disclosed,Permanent Remote,1-5 Yrs
133,https://www.naukri.com/job-listings-cloud-developer-rcpc-bangalore-bengaluru-0-to-1-years-151222911562,Cloud Developer,https://www.naukri.com/premium-jobs-careers-28629,RCPC,Not disclosed,Bangalore/Bengaluru,0-1 Yrs
134,https://www.naukri.com/job-listings-full-stack-developer-python-node-js-ruby-on-rails-yo-hr-consultancy-bangalore-bengaluru-1-to-6-years-301122905331,Full Stack Developer - Python/ Node.js/ Ruby on Rails,https://www.naukri.com/premium-jobs-careers-28629,Yo HR Consultancy,Not disclosed,Bangalore/Bengaluru,1-6 Yrs
135,https://www.naukri.com/job-listings-senior-software-backend-developer-almabase-bangalore-bengaluru-1-to-3-years-061222501781,Senior Software Backend Developer,https://www.naukri.com/almabay-jobs-careers-1955692,Almabay,Not disclosed,Bangalore/Bengaluru,1-3 Yrs
136,https://www.naukri.com/job-listings-software-developer-backend-dev-solutions-bangalore-bengaluru-0-to-1-years-280422500883,Software Developer Backend,https://www.naukri.com/dev-solutions-jobs-careers-1959274,Dev Solutions,Not disclosed,Bangalore/Bengaluru,0-1 Yrs
137,https://www.naukri.com/job-listings-software-developer-taurus-hard-soft-solutions-pvt-ltd-bengaluru-bangalore-1-to-5-years-261115500044,Software Developer,https://www.naukri.com/taurus-hard-soft-solutions-jobs-careers-1786690,Taurus Hard Soft Solutions,Not disclosed,Bangalore/Bengaluru,1-5 Yrs
138,https://www.naukri.com/job-listings-software-developer-syncmonk-technologies-bengaluru-bangalore-1-to-1-years-250221501854,Software Developer,https://www.naukri.com/syncmonk-technologies-jobs-careers-5959200,Syncmonk Technologies,Not disclosed,Bengaluru,1-1 Yrs
139,https://www.naukri.com/job-listings-software-developer-kreditbee-bangalore-bengaluru-1-to-4-years-031122500006,Software-Developer,https://www.naukri.com/kreditbee-jobs-careers-6697199,Kreditbee,Not disclosed,Bangalore/Bengaluru,1-4 Yrs
